Feature1,Feature2,Feature3,Feature4,Target
0.37454,0.950714,0.731994,0.598658,0
0.156019,0.155995,0.058084,0.866176,1
0.601115,0.708073,0.020584,0.96991,0
0.832443,0.212339,0.181825,0.183405,2
0.304242,0.524756,0.431945,0.291229,1
0.611853,0.139494,0.292145,0.366362,2
0.45607,0.785176,0.199674,0.514234,1
0.592415,0.04645,0.607545,0.170524,0
0.065052,0.948886,0.965632,0.808397,2
0.304614,0.097672,0.684233,0.440152,1
